,US-SP500,UK-FTSE100,JPN-Nikke225
2001/7/2,1236.71,5716.68,12751.18
2001/7/3,1234.45,5639.91,12817.41
2001/7/4,1234.45,5600.49,12629.02
2001/7/5,1219.24,5549.61,12607.3
2001/7/6,1190.59,5479.24,12306.08
2001/7/9,1198.78,5468.86,12239.68
2001/7/10,1181.52,5467.9,12300.41
2001/7/11,1180.18,5391.86,12005.11
2001/7/12,1208.14,5481.58,12407.95
2001/7/13,1215.68,5536.98,12355.15
2001/7/16,1202.45,5517.12,12343.37
2001/7/17,1214.44,5427.76,12128.57
2001/7/18,1207.71,5404.59,11892.58
2001/7/19,1215.02,5437.43,11908.39
2001/7/20,1210.85,5387.05,11908.39
2001/7/23,1191.03,5405.28,11609.63
2001/7/24,1171.65,5320.16,11883.25
2001/7/25,1190.49,5275.73,11891.61
2001/7/26,1202.93,5286.07,11858.56
2001/7/27,1205.82,5403.1,11798.08
2001/7/30,1204.52,5446.66,11579.27
2001/7/31,1211.23,5529.05,11860.77
2001/8/1,1215.93,5546.93,11959.33
2001/8/2,1220.75,5584.54,12399.2
2001/8/3,1214.35,5547.56,12241.97
2001/8/6,1200.48,5526.43,12243.9
2001/8/7,1204.4,5536.8,12319.46
2001/8/8,1183.53,5476.49,12163.67
2001/8/9,1183.43,5402.93,11754.56
2001/8/10,1190.16,5427.2,11735.06
2001/8/13,1191.29,5431.08,11477.56
2001/8/14,1186.73,5507.77,11917.95
2001/8/15,1178.02,5461.58,11755.4
2001/8/16,1181.66,5389.77,11515.02
2001/8/17,1161.97,5342.13,11445.54
2001/8/20,1171.41,5357.45,11257.94
2001/8/21,1157.26,5430.31,11280.38
2001/8/22,1165.31,5408.67,11396.43
2001/8/23,1162.09,5396.53,11126.92
2001/8/24,1184.93,5471.88,11166.31
2001/8/27,1179.21,5471.88,11275.01
2001/8/28,1161.51,5434.65,11189.4
2001/8/29,1148.6,5417.64,10979.76
2001/8/30,1129.03,5332.67,10938.45
2001/8/31,1133.58,5344.97,10713.51
2001/9/3,1133.58,5312.12,10409.68
2001/9/4,1132.94,5379.62,10772.59
2001/9/5,1131.74,5316.05,10598.79
2001/9/6,1106.4,5204.33,10650.33
2001/9/7,1085.78,5070.29,10516.79
2001/9/10,1092.54,5033.68,10195.69
2001/9/11,1092.54,4745.98,10292.95
2001/9/12,1092.54,4882.12,9610.1
2001/9/13,1092.54,4943.61,9613.09
2001/9/14,1092.54,4755.75,10008.89
2001/9/17,1038.77,4898.85,9504.41
2001/9/18,1032.74,4848.7,9679.88
2001/9/19,1016.1,4721.69,9939.6
2001/9/20,984.54,4556.9,9785.16
2001/9/21,965.8,4433.69,9554.99
2001/9/24,1003.45,4613.86,9554.99
2001/9/25,1012.27,4663.42,9693.97
2001/9/26,1007.04,4696.1,9641.7
2001/9/27,1018.61,4763.63,9696.53
2001/9/28,1040.94,4903.39,9774.68
2001/10/1,1038.55,4785.63,9972.28
2001/10/2,1051.33,4832.34,10136.56
2001/10/3,1072.28,4881.81,9924.23
2001/10/4,1069.63,5016.24,10205.48
2001/10/5,1071.38,5036.03,10205.87
2001/10/8,1062.44,5032.71,10205.87
2001/10/9,1056.75,5009.79,10011.77
2001/10/10,1080.99,5153.06,9964.88
2001/10/11,1097.43,5164.92,10347.01
2001/10/12,1091.65,5145.5,10632.35
2001/10/15,1089.98,5067.26,10452.54
2001/10/16,1097.54,5082.58,10637.82
2001/10/17,1077.09,5203.41,10755.45
2001/10/18,1068.61,5116.03,10474.85
2001/10/19,1073.48,5017.69,10538.79
2001/10/22,1089.9,5070.42,10565.41
2001/10/23,1084.78,5193.34,10861.56
2001/10/24,1085.2,5167.6,10802.15
2001/10/25,1100.09,5086.59,10880.1
2001/10/26,1104.61,5188.65,10795.16
2001/10/29,1078.3,5085.89,10612.31
2001/10/30,1059.79,5003.6,10512.82
2001/10/31,1059.78,5039.71,10366.34
2001/11/1,1084.1,5071.23,10347.28
2001/11/2,1087.2,5129.54,10383.78
2001/11/5,1102.84,5209.12,10447.54
2001/11/6,1118.86,5214.06,10633.72
2001/11/7,1115.8,5216.27,10284.98
2001/11/8,1118.54,5278.09,10431.79
2001/11/9,1120.31,5244.21,10215.71
2001/11/12,1118.33,5146.23,10081.56
2001/11/13,1139.09,5277.07,10030.56
2001/11/14,1141.21,5240.75,10086.76
2001/11/15,1142.24,5238.2,10489.89
2001/11/16,1138.65,5290.98,10649.09
2001/11/19,1151.06,5337.96,10727.94
2001/11/20,1142.66,5298.69,10575.62
2001/11/21,1137.03,5313.78,10661.08
2001/11/22,1137.03,5345.94,10696.82
2001/11/23,1150.34,5293.21,10696.82
2001/11/26,1157.42,5302.45,11064.3
2001/11/27,1149.5,5265.96,10948.89
2001/11/28,1128.52,5205.23,10624.81
2001/11/29,1140.2,5208.51,10655.96
2001/11/30,1139.45,5203.55,10697.44
2001/12/3,1129.9,5164.64,10370.62
2001/12/4,1144.8,5212.14,10452.65
2001/12/5,1170.35,5333.53,10713.81
2001/12/6,1167.1,5369.78,10857.28
2001/12/7,1158.31,5264.74,10796.89
2001/12/10,1139.93,5185.04,10571.01
2001/12/11,1136.76,5160.77,10473.91
2001/12/12,1137.07,5119.99,10801.52
2001/12/13,1119.38,5074.86,10433.45
2001/12/14,1123.09,5061.02,10511.65
2001/12/17,1134.36,5136.31,10323.35
2001/12/18,1142.92,5151.08,10432.17
2001/12/19,1149.56,5120.55,10471.93
2001/12/20,1139.93,5080.23,10434.52
2001/12/21,1144.89,5159.23,10335.45
2001/12/24,1144.65,5177.41,10335.45
2001/12/25,1144.65,5177.41,10254.81
2001/12/26,1149.37,5177.41,10192.57
2001/12/27,1157.13,5213.22,10457.61
2001/12/28,1161.02,5242.42,10542.62
2001/12/31,1148.08,5217.35,10542.62
2002/1/1,1148.08,5217.35,10542.62
2002/1/2,1154.67,5218.29,10542.62
2002/1/3,1165.27,5318.79,10542.62
2002/1/4,1172.51,5323.76,10871.49
2002/1/7,1164.89,5293.57,10942.36
2002/1/8,1160.71,5250.37,10695.6
2002/1/9,1155.14,5228.46,10663.98
2002/1/10,1156.55,5190.7,10538.43
2002/1/11,1145.6,5198.57,10441.59
2002/1/14,1138.41,5113.5,10441.59
2002/1/15,1146.19,5166,10208.05
2002/1/16,1127.57,5127.58,10177.58
2002/1/17,1138.88,5138.45,10128.18
2002/1/18,1127.58,5126.79,10293.32
2002/1/21,1127.58,5138.53,10280.25
2002/1/22,1119.31,5149.19,10050.98
2002/1/23,1128.18,5180.65,10040.91
2002/1/24,1132.15,5233.14,10074.05
2002/1/25,1133.28,5193.05,10144.14
2002/1/28,1133.06,5223.62,10220.85
2002/1/29,1100.64,5131.4,10026.03
2002/1/30,1113.57,5089.32,9919.48
2002/1/31,1130.2,5164.78,9997.8
2002/2/1,1122.2,5189.68,9791.43
2002/2/4,1094.44,5167.31,9631.93
2002/2/5,1090.02,5093.36,9475.6
2002/2/6,1083.51,5073.81,9420.85
2002/2/7,1080.17,5127.03,9583.27
2002/2/8,1096.22,5128.09,9686.06
2002/2/11,1111.94,5161.78,9686.06
2002/2/12,1107.5,5135.71,9877.99
2002/2/13,1118.51,5153.92,9968.35
2002/2/14,1116.48,5208.75,10081.09
2002/2/15,1104.18,5182.48,10048.1
2002/2/18,1104.18,5154.29,10093.25
2002/2/19,1083.34,5092.5,9847.16
2002/2/20,1097.98,5024.15,9834.13
2002/2/21,1080.95,5073.31,10295.42
2002/2/22,1089.84,5050.84,10356.78
2002/2/25,1109.43,5100.74,10296.47
2002/2/26,1109.38,5138.95,10202.63
2002/2/27,1109.89,5178.44,10573.09
2002/2/28,1106.73,5100.96,10587.83
2002/3/1,1131.78,5169.02,10812
2002/3/4,1153.84,5241.98,11450.22
2002/3/5,1146.14,5214.03,11348.45
2002/3/6,1162.77,5245.54,11358.53
2002/3/7,1157.54,5282.14,11648.34
2002/3/8,1164.31,5285.65,11885.79
2002/3/11,1168.26,5258.93,11919.3
2002/3/12,1165.58,5252.5,11607.33
2002/3/13,1154.09,5271.96,11415.31
2002/3/14,1153.04,5261.42,11568.82
2002/3/15,1166.16,5292.73,11648.01
2002/3/18,1165.55,5299.93,11498.38
2002/3/19,1170.29,5316.07,11792.82
2002/3/20,1151.85,5266.9,11526.78
2002/3/21,1153.59,5253.3,11526.78
2002/3/22,1148.7,5250.5,11345.08
2002/3/25,1131.87,5203.61,11261.09
2002/3/26,1138.49,5195.46,11207.92
2002/3/27,1144.58,5214.7,11323.68
2002/3/28,1147.39,5271.76,11333.11
2002/3/29,1147.39,5271.76,11024.94
2002/4/1,1146.54,5271.76,11028.7
2002/4/2,1136.76,5251.44,11204.49
2002/4/3,1125.4,5247.84,11400.71
2002/4/4,1126.34,5209.46,11379.2
2002/4/5,1122.73,5233.63,11335.49
2002/4/8,1125.29,5178.55,11352.89
2002/4/9,1117.8,5179.56,11114.49
2002/4/10,1130.47,5229.12,11218.58
2002/4/11,1103.69,5137.43,11147.27
2002/4/12,1111.01,5161.02,10962.98
2002/4/15,1102.55,5201.44,11137.3
2002/4/16,1128.37,5259.88,11346.66
2002/4/17,1126.07,5263.88,11543.71
2002/4/18,1124.47,5229.37,11575.73
2002/4/19,1125.17,5243.6,11512.01
2002/4/22,1107.83,5221.47,11721.64
2002/4/23,1100.96,5190.99,11736.83
2002/4/24,1093.14,5218.17,11672.88
2002/4/25,1091.48,5197.54,11648.72
2002/4/26,1076.32,5159.01,11541.39
2002/4/29,1065.45,5153.86,11541.39
2002/4/30,1076.92,5165.58,11492.54
2002/5/1,1086.46,5125.51,11552.79
2002/5/2,1084.56,5174.06,11551.01
2002/5/3,1073.43,5203.05,11551.01
2002/5/6,1052.67,5203.05,11551.01
2002/5/7,1049.49,5119.9,11316.04
2002/5/8,1088.85,5209.1,11520.75
2002/5/9,1073.01,5197.58,11633.3
2002/5/10,1054.99,5171.24,11531.11
2002/5/13,1074.56,5204.84,11336.95
2002/5/14,1097.28,5239.47,11356.19
2002/5/15,1091.07,5259.11,11642.97
2002/5/16,1098.23,5248.53,11738.69
2002/5/17,1106.59,5217.98,11847.32
2002/5/20,1091.88,5208.1,11856.54
2002/5/21,1079.88,5197.21,11801.16
2002/5/22,1086.02,5151.89,11961.98
2002/5/23,1097.08,5175.31,11979.85
2002/5/24,1083.82,5169.07,11976.28
2002/5/27,1083.82,5136.26,11976.35
2002/5/28,1074.55,5074.22,11936.08
2002/5/29,1067.66,5082.98,11853
2002/5/30,1064.66,5040.75,11770.03
2002/5/31,1067.14,5085.07,11763.7
2002/6/3,1040.68,5085.07,11901.39
2002/6/4,1040.69,5085.07,11653.07
2002/6/5,1049.9,4989.15,11663.87
2002/6/6,1029.15,4957.63,11574.94
2002/6/7,1027.53,4920.4,11438.53
2002/6/10,1030.74,4928.21,11370.21
2002/6/11,1013.6,4934.82,11449.44
2002/6/12,1020.26,4851.67,11327.06
2002/6/13,1009.56,4771.91,11144.84
2002/6/14,1007.27,4630.77,10920.63
2002/6/17,1036.17,4756.75,10664.11
2002/6/18,1037.14,4702.01,10839.93
2002/6/19,1019.99,4652.43,10476.18
2002/6/20,1006.29,4580.34,10612.98
2002/6/21,989.14,4605.35,10354.35
2002/6/24,992.72,4541.87,10471.32
2002/6/25,976.14,4630.96,10496.67
2002/6/26,973.53,4531.01,10074.56
2002/6/27,990.64,4540.65,10261.6
2002/6/28,989.81,4656.36,10621.84
2002/7/1,968.65,4685.76,10595.44
2002/7/2,948.09,4546.77,10622.32
2002/7/3,953.99,4392.55,10812.3
2002/7/4,953.99,4471.19,10632.81
2002/7/5,989.03,4615.65,10826.09
2002/7/8,976.98,4601.29,10769.2
2002/7/9,952.83,4542.94,10960.25
2002/7/10,920.47,4420.13,10752.66
2002/7/11,927.37,4230.05,10485.74
2002/7/12,921.39,4224.11,10601.45
2002/7/15,917.93,3994.5,10375.15
2002/7/16,901.05,4021.93,10250.42
2002/7/17,906.04,4190.63,10296.02
2002/7/18,881.56,4297.3,10498.26
2002/7/19,847.76,4098.32,10202.36
2002/7/22,819.85,3895.5,10189.01
2002/7/23,797.7,3857.99,10215.63
2002/7/24,843.42,3777.13,9947.72
2002/7/25,838.68,3965.89,9929.91
2002/7/26,852.84,4016.65,9591.03
2002/7/29,898.96,4202.7,9666.67
2002/7/30,902.78,4180.92,10003.72
2002/7/31,911.62,4246.21,9877.94
2002/8/1,884.66,4044.52,9793.51
2002/8/2,864.24,4075.55,9709.66
2002/8/5,834.6,3996.41,9704.93
2002/8/6,859.57,4131.03,9501.02
2002/8/7,876.77,4094.43,9834.4
2002/8/8,905.46,4240.47,9799.57
2002/8/9,908.64,4322.36,9999.79
2002/8/12,903.8,4221.56,9747.82
2002/8/13,884.21,4271.66,9688.61
2002/8/14,919.62,4171.06,9638.41
2002/8/15,930.25,4327.45,9795.57
2002/8/16,928.77,4329.97,9788.13
2002/8/19,950.72,4426.85,9599.1
2002/8/20,937.43,4368.89,9620.69
2002/8/21,949.36,4364.8,9642.61
2002/8/22,962.7,4434.72,9814.02
2002/8/23,940.86,4389.82,9867.45
2002/8/26,947.95,4389.82,10067.74
2002/8/27,934.82,4449.72,9907.3
2002/8/28,917.87,4274.02,9766.73
2002/8/29,917.8,4209.31,9620.14
2002/8/30,916.07,4227.28,9619.3
2002/9/2,916.07,4180.88,9521.63
2002/9/3,878.02,4028.65,9217.04
2002/9/4,893.4,4026.95,9075.09
2002/9/5,879.15,4011.01,9222.12
2002/9/6,893.92,4107.22,9129.07
2002/9/9,902.96,4062.44,9306.26
2002/9/10,909.58,4175.52,9309.31
2002/9/11,909.45,4210.66,9400.08
2002/9/12,886.91,4084.9,9415.23
2002/9/13,889.81,4008.02,9241.93
2002/9/16,891.1,4044.25,9241.93
2002/9/17,873.52,4025.15,9543.94
2002/9/18,869.46,3865.41,9472.06
2002/9/19,843.32,3813.53,9669.62
2002/9/20,845.39,3860.1,9481.08
2002/9/23,833.7,3739.37,9481.08
2002/9/24,819.29,3671.13,9321.64
2002/9/25,839.66,3696.25,9165.41
2002/9/26,854.95,3850.61,9320.92
2002/9/27,827.37,3907.2,9530.44
2002/9/30,815.28,3721.75,9383.29
2002/10/1,847.91,3797.4,9162.26
2002/10/2,827.91,3905.25,9049.33
2002/10/3,818.95,3880.34,8936.43
2002/10/4,800.58,3813.77,9027.55
2002/10/7,785.28,3780.93,8688
2002/10/8,798.55,3730.47,8708.9
2002/10/9,776.76,3742.4,8539.34
2002/10/10,803.92,3777.28,8439.62
2002/10/11,835.32,3953.38,8529.61
2002/10/14,841.44,3931.64,8529.61
2002/10/15,881.27,4130.33,8836.73
2002/10/16,860.02,4057.71,8884.87
2002/10/17,879.2,4170.68,8959.88
2002/10/18,884.39,4130.54,9086.13
2002/10/21,899.72,4133.77,8978.41
2002/10/22,890.16,4118.88,8689.39
2002/10/23,896.14,4006.91,8714.52
2002/10/24,882.5,4103.69,8614.3
2002/10/25,897.65,4051.09,8726.29
2002/10/28,890.23,4090.46,8757.51
2002/10/29,882.15,3935.93,8708.76
2002/10/30,890.71,4002.65,8756.59
2002/10/31,885.76,4039.66,8640.48
2002/11/1,900.96,3996.98,8685.72
2002/11/4,908.35,4141.46,8685.72
2002/11/5,915.39,4146.13,8937.56
2002/11/6,923.76,4103.72,8953.29
2002/11/7,902.65,4081.26,8920.44
2002/11/8,894.74,4034.58,8690.77
2002/11/11,876.19,4015.58,8460.37
2002/11/12,882.95,4085.05,8464.77
2002/11/13,882.53,4029.38,8438.52
2002/11/14,904.27,4053.14,8303.39
2002/11/15,909.83,4091.62,8503.59
2002/11/18,900.36,4115.99,8346.01
2002/11/19,896.74,4096.51,8365.26
2002/11/20,914.15,4094.86,8459.62
2002/11/21,933.76,4190,8668.06
2002/11/22,930.55,4175.23,8772.56
2002/11/25,932.88,4122.21,8944.44
2002/11/26,913.31,4070.96,8823.99
2002/11/27,938.87,4144.19,8875.88
2002/11/28,938.87,4185.4,9176.78
2002/11/29,936.31,4169.41,9215.56
2002/12/2,934.53,4154.27,9174.47
2002/12/3,920.75,4075.39,9205.11
2002/12/4,917.57,4048.6,9006.73
2002/12/5,906.55,4032.42,8917.57
2002/12/6,912.23,4013.46,8863.26
2002/12/9,892,3933.93,8828.05
2002/12/10,904.45,3925,8804.52
2002/12/11,904.96,3974.87,8727.66
2002/12/12,901.59,3935.31,8708.69
2002/12/13,889.48,3878.07,8516.07
2002/12/16,910.4,3983.97,8450.94
2002/12/17,902.99,3908.71,8510.73
2002/12/18,891.12,3835.18,8344.01
2002/12/19,884.25,3841.41,8387.57
2002/12/20,895.75,3889.86,8406.88
2002/12/23,897.38,3936.87,8406.88
2002/12/24,892.47,3942.1,8512.37
2002/12/25,892.47,3942.1,8501.14
2002/12/26,889.66,3942.1,8700.1
2002/12/27,875.4,3829.39,8714.05
2002/12/30,879.39,3900.62,8578.95
2002/12/31,879.82,3940.36,8578.95
2003/1/1,879.82,3940.36,8578.95
2003/1/2,909.03,4009.46,8578.95
2003/1/3,908.59,4004.95,8578.95
2003/1/6,929.01,4001.37,8713.33
2003/1/7,922.93,3957.39,8656.5
2003/1/8,909.93,3924.82,8517.8
2003/1/9,927.58,3933.98,8497.93
2003/1/10,927.57,3974.12,8470.45
2003/1/13,926.26,3948.27,8470.45
2003/1/14,931.66,3945.59,8553.06
2003/1/15,918.22,3887.75,8611.75
2003/1/16,914.6,3881.81,8609.17
2003/1/17,901.78,3820.57,8690.25
2003/1/20,901.78,3778.61,8558.82
2003/1/21,887.62,3736.69,8708.58
2003/1/22,878.36,3677.98,8611.04
2003/1/23,887.34,3622.16,8790.92
2003/1/24,861.4,3603.72,8731.65
2003/1/27,847.48,3480.83,8609.47
2003/1/28,858.54,3489.98,8525.39
2003/1/29,864.36,3483.79,8331.08
2003/1/30,844.61,3578.67,8316.81
2003/1/31,855.7,3567.41,8339.94
2003/2/3,860.32,3689.36,8500.79
2003/2/4,848.2,3590.09,8484.9
2003/2/5,843.59,3678.72,8549.85
2003/2/6,838.15,3597.04,8484.19
2003/2/7,829.69,3599.16,8448.16
2003/2/10,835.97,3579.07,8484.93
2003/2/11,829.2,3669.21,8484.93
2003/2/12,818.68,3616.12,8664.17
2003/2/13,817.37,3610.82,8599.66
2003/2/14,834.89,3611.9,8701.92
2003/2/17,834.89,3692.37,8771.89
2003/2/18,851.17,3729.54,8692.97
2003/2/19,845.13,3658.3,8678.44
2003/2/20,837.1,3687.25,8650.92
2003/2/21,848.17,3727.11,8513.54
2003/2/24,832.58,3701.84,8564.95
2003/2/25,838.57,3621.47,8360.49
2003/2/26,827.55,3593.29,8356.81
2003/2/27,837.28,3569.88,8359.38
2003/2/28,841.15,3655.58,8363.04
2003/3/3,834.81,3684.67,8490.4
2003/3/4,821.99,3625.34,8480.22
2003/3/5,829.85,3563.54,8472.62
2003/3/6,822.1,3555.42,8369.15
2003/3/7,828.89,3491.59,8144.12
2003/3/10,807.48,3436.05,8042.26
2003/3/11,800.73,3452.73,7862.43
2003/3/12,804.19,3287.04,7943.04
2003/3/13,831.9,3486.9,7868.56
2003/3/14,833.27,3601.83,8002.69
2003/3/17,862.79,3722.27,7871.64
2003/3/18,866.45,3747.28,7954.46
2003/3/19,874.02,3765.43,8051.04
2003/3/20,875.67,3765.66,8195.05
2003/3/21,895.79,3861.07,8195.05
2003/3/24,864.23,3743.27,8435.07
2003/3/25,874.74,3761.96,8238.76
2003/3/26,869.95,3793.12,8351.92
2003/3/27,868.52,3729.05,8368.67
2003/3/28,863.5,3708.53,8280.16
2003/3/31,848.18,3613.28,7972.71
2003/4/1,858.48,3684.78,7986.72
2003/4/2,880.9,3753.41,8069.85
2003/4/3,876.45,3771.05,8017.75
2003/4/4,878.85,3814.36,8074.12
2003/4/7,879.93,3935.82,8249.98
2003/4/8,878.29,3868.79,8131.41
2003/4/9,865.99,3861.42,8057.61
2003/4/10,871.58,3803.27,7980.12
2003/4/11,868.3,3808.08,7816.49
2003/4/14,885.23,3849.41,7752.1
2003/4/15,890.81,3916.85,7838.83
2003/4/16,879.91,3854.9,7879.49
2003/4/17,893.58,3889.22,7821.9
2003/4/18,893.58,3889.22,7874.51
2003/4/21,892.01,3889.22,7969.08
2003/4/22,911.37,3917.69,7790.46
2003/4/23,919.02,3966.45,7793.38
2003/4/24,911.43,3899.03,7854.57
2003/4/25,898.81,3870.2,7699.5
2003/4/28,914.84,3940.25,7607.88
2003/4/29,917.84,3927.82,7607.88
2003/4/30,916.92,3925.97,7831.42
2003/5/1,916.3,3880.13,7863.29
2003/5/2,930.08,3952.59,7907.19
2003/5/5,926.55,3952.59,7907.19
2003/5/6,934.39,4006.39,8083.56
2003/5/7,929.62,3992.9,8109.77
2003/5/8,920.27,3928.87,8031.55
2003/5/9,933.41,3969.35,8152.16
2003/5/12,945.11,3987.44,8221.12
2003/5/13,942.3,3999.89,8190.26
2003/5/14,939.28,3975.02,8244.91
2003/5/15,946.67,4011.08,8123.4
2003/5/16,944.3,4049.01,8117.29
2003/5/19,920.77,3941.34,8039.13
2003/5/20,919.73,3971.61,8059.48
2003/5/21,923.42,3936.38,8018.51
2003/5/22,931.87,3990.45,8051.66
2003/5/23,933.22,3979.84,8184.76
2003/5/26,933.22,3979.84,8227.32
2003/5/27,951.48,3992.38,8120.24
2003/5/28,953.22,4071.86,8234.18
2003/5/29,949.64,4083.59,8375.36
2003/5/30,963.59,4048.1,8424.51
2003/6/2,967,4129.28,8547.17
2003/6/3,971.56,4115.73,8564.49
2003/6/4,986.24,4126.55,8557.86
2003/6/5,990.14,4104.25,8657.23
2003/6/6,987.76,4150.79,8785.87
2003/6/9,975.93,4129.09,8822.73
2003/6/10,984.84,4113.01,8789.09
2003/6/11,997.48,4150.15,8890.3
2003/6/12,998.51,4161.26,8918.6
2003/6/13,988.61,4134.12,8980.64
2003/6/16,1010.74,4152.9,8839.83
2003/6/17,1011.66,4190.36,9033
2003/6/18,1010.09,4207.01,9092.97
2003/6/19,994.7,4131.46,9110.51
2003/6/20,995.69,4160.14,9120.39
2003/6/23,981.64,4087.89,9137.14
2003/6/24,983.45,4060.93,8919.26
2003/6/25,975.32,4067.86,8932.26
2003/6/26,985.82,4041.67,8923.41
2003/6/27,976.22,4067.84,9104.06
2003/6/30,974.5,4031.17,9083.11
2003/7/1,982.32,3963.92,9278.49
2003/7/2,993.75,4006.86,9592.24
2003/7/3,985.7,4024.8,9624.8
2003/7/4,985.7,4021.5,9547.73
2003/7/7,1004.42,4074.77,9795.16
2003/7/8,1007.84,4073.6,9898.72
2003/7/9,1002.21,4054.69,9990.95
2003/7/10,988.7,4028.76,9955.62
2003/7/11,998.14,4058.14,9635.35
2003/7/14,1003.86,4127.64,9755.63
2003/7/15,1000.42,4102.5,9751
2003/7/16,994,4077.13,9735.97
2003/7/17,981.73,4056.57,9498.86
2003/7/18,993.32,4073.2,9527.73
2003/7/21,978.8,4044.28,9527.73
2003/7/22,988.11,4079.75,9485.97
2003/7/23,988.61,4086.49,9615.34
2003/7/24,981.6,4149.6,9671
2003/7/25,998.68,4131.18,9648.01
2003/7/28,996.52,4148.82,9839.91
2003/7/29,989.28,4137.01,9834.31
2003/7/30,987.49,4141.17,9632.66
2003/7/31,990.31,4157.02,9563.21
2003/8/1,980.15,4098.43,9611.67
2003/8/4,982.82,4100.05,9452.79
2003/8/5,965.46,4121.02,9382.58
2003/8/6,967.08,4070.42,9323.91
2003/8/7,974.12,4095.56,9265.56
2003/8/8,977.59,4147.79,9327.53
2003/8/11,980.59,4176.66,9487.8
2003/8/12,990.35,4185.57,9564.81
2003/8/13,984.03,4180.68,9752.75
2003/8/14,990.51,4237.83,9913.47
2003/8/15,990.67,4247.34,9863.47
2003/8/18,999.74,4272.12,10032.97
2003/8/19,1002.35,4250.82,10174.1
2003/8/20,1000.3,4217.36,10292.06
2003/8/21,1003.27,4223.48,10362.69
2003/8/22,993.06,4225.89,10281.17
2003/8/25,993.71,4225.89,10276.64
2003/8/26,996.73,4177.36,10332.57
2003/8/27,996.79,4206.39,10308.99
2003/8/28,1002.84,4197.97,10225.22
2003/8/29,1008.01,4161.06,10343.55
2003/9/1,1008.01,4204.43,10670.18
2003/9/2,1021.99,4204.36,10690.08
2003/9/3,1026.27,4262.12,10715.69
2003/9/4,1027.97,4248.83,10646.95
2003/9/5,1021.39,4257.2,10650.77
2003/9/8,1031.64,4292.09,10683.76
2003/9/9,1023.17,4263.91,10922.04
2003/9/10,1010.92,4252.08,10856.32
2003/9/11,1016.42,4242.19,10546.33
2003/9/12,1018.63,4237.81,10712.81
2003/9/15,1014.81,4260.92,10712.81
2003/9/16,1029.32,4298.98,10887.03
2003/9/17,1025.97,4292.96,10990.11
2003/9/18,1039.58,4314.7,11033.32
2003/9/19,1036.3,4257.01,10938.42
2003/9/22,1022.82,4228.15,10475.1
2003/9/23,1029.03,4221.71,10475.1
2003/9/24,1009.38,4236.39,10502.29
2003/9/25,1003.27,4202.18,10310.04
2003/9/26,996.85,4157.13,10318.44
2003/9/29,1006.58,4142.72,10229.57
2003/9/30,995.97,4091.31,10219.05
2003/10/1,1018.22,4169.19,10361.24
2003/10/2,1020.24,4209.06,10593.53
2003/10/3,1029.85,4274.04,10709.29
2003/10/6,1034.35,4270.1,10740.14
2003/10/7,1039.25,4271.96,10820.33
2003/10/8,1033.78,4268.59,10542.2
2003/10/9,1038.73,4313.88,10531.44
2003/10/10,1038.06,4311.02,10786.04
2003/10/13,1045.35,4362.34,10786.04
2003/10/14,1049.48,4334.09,10966.43
2003/10/15,1046.76,4368.82,10899.95
2003/10/16,1050.07,4339.68,11025.15
2003/10/17,1039.32,4343.97,11037.89
2003/10/20,1044.68,4347.55,11161.71
2003/10/21,1046.03,4352.31,11031.52
2003/10/22,1030.36,4285.63,10889.62
2003/10/23,1033.77,4240.22,10335.16
2003/10/24,1028.91,4239,10335.7
2003/10/27,1031.13,4251.31,10454.12
2003/10/28,1046.79,4272.93,10561.01
2003/10/29,1048.11,4265.65,10739.22
2003/10/30,1046.94,4300.93,10695.56
2003/10/31,1050.71,4287.59,10559.59
2003/11/3,1059.02,4332.57,10559.59
2003/11/4,1053.25,4330.25,10847.97
2003/11/5,1051.81,4303.43,10837.54
2003/11/6,1058.05,4324.19,10552.3
2003/11/7,1053.21,4376.87,10628.98
2003/11/10,1047.11,4341.76,10504.54
2003/11/11,1046.57,4345.07,10207.04
2003/11/12,1058.56,4371.25,10226.22
2003/11/13,1058.41,4373.04,10337.67
2003/11/14,1050.35,4396.99,10167.06
2003/11/17,1043.63,4338.88,9786.83
2003/11/18,1034.15,4354.7,9897.05
2003/11/19,1042.44,4327.35,9614.6
2003/11/20,1033.65,4307.98,9865.7
2003/11/21,1035.28,4319.02,9852.83
2003/11/24,1052.08,4382.35,9852.83
2003/11/25,1053.89,4388.75,9960.2
2003/11/26,1058.45,4370.35,10144.83
2003/11/27,1058.45,4361.09,10163.38
2003/11/28,1058.2,4342.6,10100.57
2003/12/1,1070.12,4410.03,10403.27
2003/12/2,1066.62,4378.94,10410.15
2003/12/3,1064.73,4392.02,10326.39
2003/12/4,1069.72,4378.21,10429.99
2003/12/5,1061.5,4367.03,10373.46
2003/12/8,1069.3,4359.84,10045.34
2003/12/9,1060.18,4379.58,10124.28
2003/12/10,1059.05,4335.39,9910.56
2003/12/11,1071.21,4331.27,10075.14
2003/12/12,1074.14,4347.64,10169.66
2003/12/15,1068.04,4347.99,10490.77
2003/12/16,1075.13,4332.96,10271.6
2003/12/17,1076.48,4354.23,10092.64
2003/12/18,1089.18,4397.26,10104
2003/12/19,1088.67,4412.28,10284.54
2003/12/22,1092.94,4423.98,10372.51
2003/12/23,1096.02,4440.87,10372.51
2003/12/24,1094.04,4444.7,10371.27
2003/12/25,1094.04,4444.7,10365.35
2003/12/26,1095.89,4444.7,10417.41
2003/12/29,1109.48,4457.49,10500.62
2003/12/30,1109.64,4470.38,10676.64
2003/12/31,1111.92,4476.87,10676.64
2004/1/1,1111.92,4476.87,10676.64
2004/1/2,1108.48,4510.18,10676.64
2004/1/5,1122.22,4513.25,10825.17
2004/1/6,1123.67,4505.22,10813.99
2004/1/7,1126.33,4472.97,10757.82
2004/1/8,1131.92,4494.17,10837.65
2004/1/9,1121.86,4466.29,10965.05
2004/1/12,1127.23,4449.61,10965.05
2004/1/13,1121.22,4440.14,10849.68
2004/1/14,1130.52,4461.39,10863
2004/1/15,1132.05,4456.1,10665.15
2004/1/16,1139.83,4487.88,10857.2
2004/1/19,1139.83,4518.14,11036.33
2004/1/20,1138.77,4499.27,11103.1
2004/1/21,1147.62,4511.18,11002.39
2004/1/22,1143.94,4476.79,11000.7
2004/1/23,1141.55,4460.81,11069.01
2004/1/26,1155.37,4445.48,10972.6
2004/1/27,1144.05,4447,10928.03
2004/1/28,1128.48,4468.12,10852.47
2004/1/29,1134.11,4411.53,10779.44
2004/1/30,1131.13,4390.68,10783.61
2004/2/2,1135.26,4381.37,10776.73
2004/2/3,1136.03,4390.58,10641.92
2004/2/4,1126.52,4398.46,10447.25
2004/2/5,1128.59,4384.4,10464.6
2004/2/6,1142.76,4402.72,10460.92
2004/2/9,1139.81,4434.42,10402.61
2004/2/10,1145.54,4404.95,10365.4
2004/2/11,1157.76,4396.05,10365.4
2004/2/12,1152.11,4377.73,10459.26
2004/2/13,1145.81,4412.01,10557.69
2004/2/16,1145.81,4408.12,10548.72
2004/2/17,1156.99,4461.49,10701.13
2004/2/18,1151.82,4442.9,10676.81
2004/2/19,1147.06,4515.57,10753.8
2004/2/20,1144.11,4515.04,10720.69
2004/2/23,1140.99,4524.31,10868.96
2004/2/24,1139.09,4496.76,10644.13
2004/2/25,1143.67,4507.55,10658.73
2004/2/26,1144.91,4515.89,10815.29
2004/2/27,1144.94,4492.21,11041.92
2004/3/1,1155.96,4537,11271.12
2004/3/2,1149.1,4540.11,11361.51
2004/3/3,1151.04,4525.13,11351.92
2004/3/4,1154.88,4559.07,11401.79
2004/3/5,1156.87,4547.08,11537.29
2004/3/8,1147.21,4553.75,11502.86
2004/3/9,1140.58,4542.01,11532.04
2004/3/10,1123.89,4545.33,11433.24
2004/3/11,1106.78,4445.22,11297.04
2004/3/12,1120.57,4467.35,11162.75
2004/3/15,1104.49,4412.93,11317.9
2004/3/16,1110.7,4428.9,11242.29
2004/3/17,1123.75,4456.8,11436.86
2004/3/18,1122.32,4397.87,11484.28
2004/3/19,1109.78,4417.74,11418.51
2004/3/22,1095.4,4333.77,11318.51
2004/3/23,1093.95,4318.51,11281.09
2004/3/24,1091.33,4309.45,11364.99
2004/3/25,1109.19,4373.63,11530.91
2004/3/26,1108.06,4357.53,11770.65
2004/3/29,1122.47,4406.73,11718.24
2004/3/30,1127,4412.82,11693.68
2004/3/31,1126.21,4385.67,11715.39
2004/4/1,1132.17,4410.71,11683.42
2004/4/2,1141.81,4465.61,11815.95
2004/4/5,1150.57,4480.7,11958.32
2004/4/6,1148.16,4472.82,12079.7
2004/4/7,1140.53,4468.7,12019.62
2004/4/8,1139.32,4489.67,12092.59
2004/4/9,1139.32,4489.67,11897.51
2004/4/12,1145.2,4489.67,12042.7
2004/4/13,1129.44,4515.78,12127.82
2004/4/14,1128.17,4485.42,12098.18
2004/4/15,1128.84,4505.5,11800.4
2004/4/16,1134.61,4537.28,11824.56
2004/4/19,1135.82,4546.22,11764.21
2004/4/20,1118.15,4569.02,11952.26
2004/4/21,1124.09,4539.87,11944.3
2004/4/22,1139.93,4571.83,11980.1
2004/4/23,1140.6,4569.95,12120.66
2004/4/26,1135.53,4571.85,12163.89
2004/4/27,1138.11,4575.68,12044.88
2004/4/28,1122.41,4524.5,12004.29
2004/4/29,1113.89,4519.53,12004.29
2004/4/30,1107.3,4489.69,11761.79
2004/5/3,1117.49,4489.69,11761.79
2004/5/4,1119.55,4547.23,11761.79
2004/5/5,1121.53,4569.53,11761.79
2004/5/6,1113.99,4516.17,11571.34
2004/5/7,1098.7,4498.37,11438.82
2004/5/10,1087.12,4395.16,10884.7
2004/5/11,1095.45,4454.7,10907.18
2004/5/12,1097.28,4412.93,11153.58
2004/5/13,1096.44,4453.81,10825.1
2004/5/14,1095.7,4441.79,10849.63
2004/5/17,1084.1,4403.02,10505.05
2004/5/18,1091.49,4414.41,10711.09
2004/5/19,1088.68,4471.8,10967.74
2004/5/20,1089.19,4428.71,10862.04
2004/5/21,1093.56,4431.43,11070.25
2004/5/24,1095.41,4428.87,11101.64
2004/5/25,1113.05,4418,10962.93
2004/5/26,1114.94,4438.29,11152.09
2004/5/27,1121.28,4453.62,11166.03
2004/5/28,1120.68,4430.69,11309.57
2004/5/31,1120.68,4430.69,11236.37
2004/6/1,1121.2,4422.68,11296.76
2004/6/2,1124.99,4422.8,11242.34
2004/6/3,1116.64,4435.41,11027.05
2004/6/4,1122.5,4454.45,11128.05
2004/6/7,1140.42,4491.6,11439.92
2004/6/8,1142.18,4504.83,11521.93
2004/6/9,1131.33,4489.47,11449.74
2004/6/10,1136.47,4486.1,11575.97
2004/6/11,1136.47,4483.96,11526.82
2004/6/14,1125.29,4433.17,11491.66
2004/6/15,1132.01,4458.61,11387.7
2004/6/16,1133.56,4491.13,11641.72
2004/6/17,1132.05,4493.29,11607.9
2004/6/18,1135.02,4505.81,11382.08
2004/6/21,1130.3,4502.18,11600.16
2004/6/22,1134.41,4468.49,11581.27
2004/6/23,1144.06,4486.73,11580.56
2004/6/24,1140.65,4503.19,11744.15
2004/6/25,1134.43,4494.05,11780.4
2004/6/28,1133.35,4518.68,11884.06
2004/6/29,1136.2,4512.41,11860.81
2004/6/30,1140.84,4464.07,11858.87
2004/7/1,1128.94,4424.72,11896.01
2004/7/2,1125.38,4407.4,11721.49
2004/7/5,1125.38,4403.28,11541.71
2004/7/6,1116.21,4370.74,11475.27
2004/7/7,1118.33,4358.37,11384.86
2004/7/8,1109.11,4381.11,11322.23
2004/7/9,1112.81,4393.18,11423.53
2004/7/12,1114.35,4359.97,11582.28
2004/7/13,1115.14,4357.74,11608.62
2004/7/14,1111.47,4372.55,11356.65
2004/7/15,1106.69,4340.71,11409.14
2004/7/16,1101.39,4339.23,11436
2004/7/19,1100.9,4321.1,11436
2004/7/20,1108.67,4339.37,11258.37
2004/7/21,1093.88,4377.3,11433.86
2004/7/22,1096.84,4306.25,11285.04
2004/7/23,1086.2,4326.34,11187.33
2004/7/26,1084.07,4287.04,11159.55
2004/7/27,1094.83,4324.86,11031.54
2004/7/28,1095.42,4356.25,11204.37
2004/7/29,1100.43,4418.7,11116.84
2004/7/30,1101.72,4413.08,11325.78
2004/8/2,1106.62,4415.73,11222.24
2004/8/3,1099.69,4429.68,11140.57
2004/8/4,1098.63,4408.07,11010.02
2004/8/5,1080.7,4413.37,11060.89
2004/8/6,1063.97,4337.88,10972.57
2004/8/9,1065.22,4314.4,10908.7
2004/8/10,1079.04,4350.88,10953.55
2004/8/11,1075.79,4312.16,11049.46
2004/8/12,1063.23,4328.11,11028.07
2004/8/13,1064.8,4301.53,10757.2
2004/8/16,1079.34,4350.17,10687.81
2004/8/17,1081.71,4358.68,10725.97
2004/8/18,1095.17,4355.25,10774.26
2004/8/19,1091.23,4362.63,10903.53
2004/8/20,1098.35,4369.19,10889.14
2004/8/23,1095.68,4405.3,10960.97
2004/8/24,1096.19,4407.46,10985.33
2004/8/25,1104.96,4411.57,11130.02
2004/8/26,1105.09,4453.9,11129.33
2004/8/27,1107.77,4490.11,11209.59
2004/8/30,1099.15,4490.11,11184.53
2004/8/31,1104.24,4459.32,11081.79
2004/9/1,1105.91,4502.05,11127.35
2004/9/2,1118.31,4518.58,11152.75
2004/9/3,1113.63,4550.84,11022.49
2004/9/6,1113.63,4563.78,11244.37
2004/9/7,1121.3,4565.63,11298.94
2004/9/8,1116.27,4558.41,11279.19
2004/9/9,1118.38,4538.03,11170.96
2004/9/10,1123.92,4545.02,11083.23
2004/9/13,1125.82,4558.48,11253.11
2004/9/14,1128.33,4545.61,11295.58
2004/9/15,1120.37,4548.45,11158.58
2004/9/16,1123.5,4556.47,11139.36
2004/9/17,1128.55,4590.96,11082.49
2004/9/20,1122.2,4579.51,11082.49
2004/9/21,1129.3,4608.41,11080.87
2004/9/22,1113.56,4592.3,11019.41
2004/9/23,1108.36,4568.33,11019.41
2004/9/24,1110.11,4578.14,10895.16
2004/9/27,1103.52,4541.24,10859.32
2004/9/28,1110.06,4567.34,10815.57
2004/9/29,1114.8,4588.07,10786.1
2004/9/30,1114.58,4570.77,10823.57
2004/10/1,1131.5,4659.65,10985.17
2004/10/4,1135.17,4681.76,11279.63
2004/10/5,1134.48,4707.14,11281.83
2004/10/6,1142.05,4706.34,11385.38
2004/10/7,1130.65,4698.67,11354.59
2004/10/8,1122.14,4698.87,11349.35
2004/10/11,1124.39,4685.51,11349.35
2004/10/12,1121.84,4647.94,11201.81
2004/10/13,1113.65,4634.76,11195.99
2004/10/14,1103.29,4629.37,11034.29
2004/10/15,1108.2,4622.74,10982.95
2004/10/18,1114.02,4626.58,10965.62
2004/10/19,1103.23,4655.23,11064.86
2004/10/20,1103.66,4616.36,10882.18
2004/10/21,1106.49,4617.36,10789.23
2004/10/22,1095.74,4615.4,10857.13
2004/10/25,1094.81,4564.55,10659.15
2004/10/26,1111.09,4583.36,10672.46
2004/10/27,1125.4,4630.07,10691.95
2004/10/28,1127.44,4642.81,10853.12
2004/10/29,1130.2,4624.21,10771.42
2004/11/1,1130.51,4673.79,10734.71
2004/11/2,1130.54,4693.2,10887.81
2004/11/3,1143.2,4718.46,10887.81
2004/11/4,1161.67,4728.26,10946.27
2004/11/5,1166.17,4739.78,11061.77
2004/11/8,1164.89,4716.58,10983.83
2004/11/9,1164.08,4717.68,10964.87
2004/11/10,1162.91,4734.47,10994.96
2004/11/11,1173.48,4776.86,10846.92
2004/11/12,1184.17,4793.92,11019.98
2004/11/15,1183.81,4803.09,11227.57
2004/11/16,1175.43,4770.37,11161.75
2004/11/17,1181.94,4795.88,11131.29
2004/11/18,1183.55,4805.3,11082.42
2004/11/19,1170.34,4760.84,11082.84
2004/11/22,1177.24,4733.08,10849.39
2004/11/23,1176.94,4742.37,10849.39
2004/11/24,1181.76,4719.42,10872.33
2004/11/25,1181.76,4753.43,10900.34
2004/11/26,1182.65,4741.55,10833.75
2004/11/29,1178.57,4749.76,10977.89
2004/11/30,1173.82,4703.18,10899.25
2004/12/1,1191.37,4735.68,10784.25
2004/12/2,1190.33,4751.19,10973.07
2004/12/3,1191.17,4747.89,11074.89
2004/12/6,1190.25,4722.8,10981.96
2004/12/7,1177.07,4728.73,10873.63
2004/12/8,1182.81,4703.92,10941.37
2004/12/9,1189.24,4688.39,10776.63
2004/12/10,1188,4694.01,10756.8
2004/12/13,1198.68,4736.79,10789.25
2004/12/14,1203.38,4722.76,10915.58
2004/12/15,1205.72,4728.16,10956.46
2004/12/16,1203.21,4735.19,10924.37
2004/12/17,1194.22,4696.82,11078.32
2004/12/20,1194.65,4731.07,11103.42
2004/12/21,1205.45,4733.01,11125.92
2004/12/22,1209.57,4777.4,11209.44
2004/12/23,1210.13,4787.7,11209.44
2004/12/24,1210.13,4798.06,11365.48
2004/12/27,1204.92,4798.06,11362.35
2004/12/28,1213.54,4798.06,11424.13
2004/12/29,1213.45,4819.8,11381.56
2004/12/30,1213.55,4820.09,11488.76
2004/12/31,1211.92,4814.3,11488.76
2005/1/3,1202.08,4814.3,11488.76
2005/1/4,1188.05,4846.95,11517.75
2005/1/5,1183.74,4806.04,11437.52
2005/1/6,1187.89,4824.25,11492.26
2005/1/7,1186.19,4854.09,11433.24
2005/1/10,1190.25,4840.7,11433.24
2005/1/11,1182.99,4818.72,11539.99
2005/1/12,1187.7,4783.58,11453.39
2005/1/13,1177.45,4800.31,11358.22
2005/1/14,1184.52,4820.78,11438.39
2005/1/17,1184.52,4846.66,11487.1
2005/1/18,1195.98,4823.9,11423.26
2005/1/19,1184.63,4818.34,11405.34
2005/1/20,1175.41,4800.83,11284.77
2005/1/21,1167.87,4803.26,11238.37
2005/1/24,1163.75,4812.52,11289.49
2005/1/25,1168.41,4843.2,11276.91
2005/1/26,1174.07,4847.1,11376.57
2005/1/27,1174.55,4853.38,11341.31
2005/1/28,1171.36,4832.84,11320.58
2005/1/31,1181.27,4852.31,11387.59
2005/2/1,1189.41,4906.21,11384.4
2005/2/2,1193.19,4916.24,11407.14
2005/2/3,1189.89,4908.3,11389.35
2005/2/4,1203.03,4941.5,11360.4
2005/2/7,1201.72,4979.82,11499.86
2005/2/8,1202.3,4995.46,11490.43
2005/2/9,1191.99,4990.42,11473.35
2005/2/10,1197.01,4999.99,11553.56
2005/2/11,1205.3,5044.19,11553.56
2005/2/14,1206.14,5041.8,11632.2
2005/2/15,1210.12,5058.88,11646.49
2005/2/16,1210.34,5053.22,11601.68
2005/2/17,1200.75,5057.41,11582.72
2005/2/18,1201.59,5057.16,11660.12
2005/2/21,1201.59,5060.79,11651.02
2005/2/22,1184.16,5032.85,11597.71
2005/2/23,1190.8,4988.45,11500.18
2005/2/24,1200.2,4972.05,11531.15
2005/2/25,1211.37,5006.77,11658.25
2005/2/28,1203.6,4968.5,11740.6
2005/3/1,1210.41,5000.47,11780.53
2005/3/2,1210.08,4992.82,11813.71
2005/3/3,1210.47,5014.79,11856.46
2005/3/4,1222.12,5036.27,11873.05
2005/3/7,1225.31,5027.19,11925.36
2005/3/8,1219.43,5010.92,11886.91
2005/3/9,1207.01,4996.05,11966.69
2005/3/10,1209.25,4962.06,11864.91
2005/3/11,1200.08,4982.05,11923.89
2005/3/14,1206.83,4975.02,11850.25
2005/3/15,1197.75,5000.24,11821.09
2005/3/16,1188.07,4937.62,11873.18
2005/3/17,1190.21,4922.12,11775.5
2005/3/18,1189.65,4923.3,11879.81
2005/3/21,1183.78,4933.47,11879.81
2005/3/22,1171.71,4937.26,11841.97
2005/3/23,1172.53,4910.44,11739.12
2005/3/24,1171.42,4922.5,11745.97
2005/3/25,1171.42,4922.5,11761.1
2005/3/28,1174.28,4922.5,11792.3
2005/3/29,1165.36,4918.96,11599.82
2005/3/30,1181.41,4900.74,11565.88
2005/3/31,1180.59,4894.37,11668.95
2005/4/1,1172.92,4914.03,11723.63
2005/4/4,1176.12,4896.74,11667.54
2005/4/5,1181.39,4942.89,11774.31
2005/4/6,1184.07,4947.42,11827.16
2005/4/7,1191.14,4977.01,11810.99
2005/4/8,1181.2,4983.65,11874.75
2005/4/11,1181.21,4973.25,11745.64
2005/4/12,1187.76,4946.19,11670.3
2005/4/13,1173.79,4960.82,11637.52
2005/4/14,1162.05,4945.39,11563.17
2005/4/15,1142.62,4891.62,11370.69
2005/4/18,1145.98,4827.12,10938.44
2005/4/19,1152.78,4855.55,11065.86
2005/4/20,1137.5,4822.04,11088.58
2005/4/21,1159.95,4819.63,10984.39
2005/4/22,1152.12,4849.28,11045.95
2005/4/25,1162.1,4864.88,11073.77
2005/4/26,1151.74,4845.52,11035.83
2005/4/27,1156.38,4789.43,11005.42
2005/4/28,1143.22,4790.19,11008.9
2005/4/29,1156.85,4801.68,11008.9
2005/5/2,1162.16,4801.68,11002.11
2005/5/3,1161.17,4861.25,11002.11
2005/5/4,1175.65,4882.45,11002.11
2005/5/5,1172.63,4902.32,11002.11
2005/5/6,1171.35,4918.85,11192.17
2005/5/9,1178.84,4910.26,11171.32
2005/5/10,1166.22,4892.43,11159.46
2005/5/11,1171.11,4875.38,11120.7
2005/5/12,1159.36,4893.25,11077.94
2005/5/13,1154.05,4886.48,11049.11
2005/5/16,1165.69,4884.18,10947.22
2005/5/17,1173.8,4898.54,10825.39
2005/5/18,1185.56,4949.38,10835.41
2005/5/19,1191.08,4962.67,11077.16
2005/5/20,1189.28,4971.79,11037.29
2005/5/23,1193.86,4989.82,11158.65
2005/5/24,1194.07,4982.46,11133.65
2005/5/25,1190.01,4971.54,11014.43
2005/5/26,1197.62,4994.92,11027.94
2005/5/27,1198.78,4986.28,11192.33
2005/5/30,1198.78,4986.28,11266.33
2005/5/31,1191.5,4963.97,11276.59
2005/6/1,1202.27,5011.04,11329.67
2005/6/2,1204.29,5005,11280.05
2005/6/3,1196.02,4999.38,11300.05
2005/6/6,1197.51,4980.41,11270.62
2005/6/7,1197.26,5025.25,11217.45
2005/6/8,1194.67,5003.73,11281.03
2005/6/9,1200.93,5009.2,11160.88
2005/6/10,1198.11,5030.38,11304.23
2005/6/13,1200.82,5050.36,11311.51
2005/6/14,1203.91,5046.76,11335.92
2005/6/15,1206.58,5019.48,11415.88
2005/6/16,1210.96,5044.98,11416.38
2005/6/17,1216.96,5077.61,11514.03
2005/6/20,1216.1,5071.96,11483.35
2005/6/21,1213.61,5082.12,11488.74
2005/6/22,1213.88,5099.28,11547.28
2005/6/23,1200.73,5114.38,11576.75
2005/6/24,1191.57,5078.97,11537.03
2005/6/27,1190.69,5043.53,11414.28
2005/6/28,1201.57,5090.4,11513.83
2005/6/29,1199.85,5109.14,11577.44
2005/6/30,1191.33,5113.16,11584.01
2005/7/1,1194.44,5161.01,11630.13
2005/7/4,1194.44,5184.33,11651.55
2005/7/5,1204.99,5190.14,11616.7
2005/7/6,1194.94,5229.64,11603.53
2005/7/7,1197.87,5158.27,11590.14
2005/7/8,1211.86,5232.15,11565.99
2005/7/11,1219.44,5242.37,11674.79
2005/7/12,1222.21,5217.15,11692.14
2005/7/13,1223.29,5245.87,11659.84
2005/7/14,1226.5,5259.66,11764.26
2005/7/15,1227.92,5230.85,11758.68
2005/7/18,1221.13,5214.24,11758.68
2005/7/19,1229.35,5201.55,11764.84
2005/7/20,1235.2,5215.24,11789.35
2005/7/21,1227.04,5221.59,11786.73
2005/7/22,1233.68,5241.8,11695.05
2005/7/25,1229.03,5270.7,11762.65
2005/7/26,1231.16,5256.16,11737.96
2005/7/27,1236.79,5263.63,11835.08
2005/7/28,1243.72,5270.32,11858.31
2005/7/29,1234.18,5282.3,11899.6
2005/8/1,1235.35,5290.85,11946.92
2005/8/2,1244.12,5327.47,11940.2
2005/8/3,1245.04,5332.3,11981.8
2005/8/4,1235.86,5315.53,11883.31
2005/8/5,1226.42,5314.75,11766.48
2005/8/8,1223.13,5344.29,11778.98
2005/8/9,1231.38,5363.72,11900.32
2005/8/10,1229.13,5377.48,12098.08
2005/8/11,1237.81,5358.57,12263.32
2005/8/12,1230.39,5345.78,12261.68
2005/8/15,1233.87,5344.24,12256.55
2005/8/16,1219.34,5322.35,12315.67
2005/8/17,1220.24,5292.71,12273.12
2005/8/18,1219.02,5269.32,12307.37
2005/8/19,1219.71,5312.62,12291.73
2005/8/22,1221.73,5318.44,12452.51
2005/8/23,1217.57,5300.24,12472.93
2005/8/24,1209.59,5275.23,12502.26
2005/8/25,1212.39,5255.66,12405.16
2005/8/26,1205.1,5228.06,12439.48
2005/8/29,1212.28,5228.06,12309.83
2005/8/30,1208.41,5255.8,12453.14
2005/8/31,1220.33,5296.92,12413.6
2005/9/1,1221.59,5328.51,12506.97
2005/9/2,1218.02,5326.85,12600
2005/9/5,1218.02,5337.84,12634.88
2005/9/6,1233.39,5359.15,12599.43
2005/9/7,1236.36,5365.93,12607.59
2005/9/8,1231.67,5340.79,12533.89
2005/9/9,1241.48,5359.31,12692.04
2005/9/12,1240.56,5375.1,12896.43
2005/9/13,1231.2,5338.01,12901.95
2005/9/14,1227.16,5347.44,12834.25
2005/9/15,1227.73,5383.45,12986.78
2005/9/16,1237.91,5407.9,12958.68
2005/9/19,1231.02,5429.68,12958.68
2005/9/20,1221.34,5416.36,13148.57
2005/9/21,1210.2,5369.68,13196.57
2005/9/22,1214.62,5385.73,13159.36
2005/9/23,1215.29,5413.56,13159.36
2005/9/26,1215.63,5453.08,13392.63
2005/9/27,1215.66,5447.31,13310.04
2005/9/28,1216.89,5494.79,13435.91
2005/9/29,1227.68,5478.22,13617.24
2005/9/30,1228.81,5477.71,13574.3
2005/10/3,1226.7,5501.55,13525.28
2005/10/4,1214.47,5494.43,13738.84
2005/10/5,1196.39,5427.82,13689.89
2005/10/6,1191.49,5372.37,13359.51
2005/10/7,1195.9,5362.3,13227.74
2005/10/10,1187.33,5374.55,13227.74
2005/10/11,1184.87,5380.67,13556.71
2005/10/12,1177.68,5342.16,13463.74
2005/10/13,1176.84,5265.22,13449.24
2005/10/14,1186.57,5275,13420.54
2005/10/17,1190.1,5286.53,13400.29
2005/10/18,1178.14,5263.93,13352.24
2005/10/19,1195.76,5167.85,13129.49
2005/10/20,1177.8,5164.07,13190.46
2005/10/21,1179.59,5142.12,13199.95
2005/10/24,1199.38,5207.6,13106.18
2005/10/25,1196.54,5182.12,13280.62
2005/10/26,1191.38,5227.81,13395.02
2005/10/27,1178.9,5182.75,13417.08
2005/10/28,1198.41,5213.4,13346.54
2005/10/31,1207.01,5317.28,13606.5
2005/11/1,1202.76,5344.33,13867.86
2005/11/2,1214.76,5358.63,13894.78
2005/11/3,1219.94,5431.93,13894.78
2005/11/4,1220.14,5423.56,14075.96
2005/11/7,1222.81,5460.8,14061.6
2005/11/8,1218.59,5460.91,14036.73
2005/11/9,1220.65,5439.81,14072.2
2005/11/10,1230.96,5423.5,14080.88
2005/11/11,1234.72,5465.06,14155.06
2005/11/14,1233.76,5470,14116.04
2005/11/15,1229.01,5439.6,14091.77
2005/11/16,1231.21,5429.95,14170.87
2005/11/17,1242.8,5460.02,14411.79
2005/11/18,1248.27,5498.9,14623.12
2005/11/21,1254.85,5497.94,14680.43
2005/11/22,1261.23,5517.21,14708.32
2005/11/23,1265.61,5531.71,14708.32
2005/11/24,1265.61,5511.01,14742.58
2005/11/25,1268.25,5523.84,14784.29
2005/11/28,1257.46,5477.37,14986.94
2005/11/29,1257.48,5490.99,14927.7
2005/11/30,1249.48,5423.17,14872.15
2005/12/1,1264.67,5486.12,15130.5
2005/12/2,1265.08,5528.08,15421.6
2005/12/5,1262.09,5510.39,15551.31
2005/12/6,1263.7,5538.77,15423.38
2005/12/7,1257.37,5528.84,15484.66
2005/12/8,1255.84,5531.11,15183.36
2005/12/9,1259.37,5517.42,15404.05
2005/12/12,1260.43,5501.48,15738.7
2005/12/13,1267.43,5507.24,15778.86
2005/12/14,1272.74,5521.13,15464.58
2005/12/15,1270.94,5495.34,15254.44
2005/12/16,1267.32,5531.63,15173.07
2005/12/19,1259.92,5539.78,15391.48
2005/12/20,1259.62,5547.94,15641.26
2005/12/21,1262.79,5587.38,15957.57
2005/12/22,1268.12,5596.98,15941.37
2005/12/23,1268.66,5595.45,15941.37
2005/12/26,1268.66,5595.45,16107.67
2005/12/27,1256.54,5595.45,15969.4
2005/12/28,1258.17,5622.79,16194.61
2005/12/29,1254.42,5638.32,16344.2
2005/12/30,1248.29,5618.76,16111.43
2006/1/2,1248.29,5618.76,16111.43
2006/1/3,1268.8,5681.46,16111.43
2006/1/4,1273.46,5714.58,16361.54
2006/1/5,1273.48,5691.18,16425.37
2006/1/6,1285.45,5731.78,16428.21
2006/1/9,1290.15,5731.46,16428.21
2006/1/10,1289.69,5688.83,16124.35
2006/1/11,1294.18,5731.54,16363.59
2006/1/12,1286.06,5735.15,16445.19
2006/1/13,1287.61,5711.03,16454.95
2006/1/16,1287.61,5740.24,16268.03
2006/1/17,1282.93,5698.96,15805.95
2006/1/18,1277.93,5663.65,15341.18
2006/1/19,1285.04,5693.19,15696.28
2006/1/20,1261.49,5672.36,15696.69
2006/1/23,1263.82,5660.94,15360.65
2006/1/24,1266.86,5633.8,15648.89
2006/1/25,1264.68,5704.39,15651
2006/1/26,1273.83,5722.61,15891.02
2006/1/27,1283.72,5786.84,16460.68
2006/1/30,1285.2,5779.84,16551.23
2006/1/31,1280.08,5760.26,16649.82
2006/2/1,1282.46,5801.63,16480.09
2006/2/2,1270.84,5747.27,16710.55
2006/2/3,1264.03,5759.32,16659.64
2006/2/6,1265.02,5772.36,16747.76
2006/2/7,1254.78,5746.79,16720.99
2006/2/8,1265.65,5725.09,16272.68
2006/2/9,1263.78,5808.75,16439.67
2006/2/10,1266.99,5764.11,16257.83
2006/2/13,1262.86,5793.51,15877.66
2006/2/14,1275.53,5792.29,16184.87
2006/2/15,1280,5791.46,15932.83
2006/2/16,1289.38,5828.88,16043.67
2006/2/17,1287.24,5846.17,15713.45
2006/2/20,1287.24,5862.96,15437.93
2006/2/21,1283.03,5857.66,15894.94
2006/2/22,1292.67,5872.39,15781.78
2006/2/23,1287.79,5836.04,16096.1
2006/2/24,1289.43,5860.49,16101.91
2006/2/27,1294.12,5875.86,16192.95
2006/2/28,1280.66,5791.54,16205.43
2006/3/1,1291.24,5844.07,15964.46
2006/3/2,1289.14,5832.98,15909.76
2006/3/3,1287.23,5858.69,15663.34
2006/3/6,1278.26,5897.82,15901.16
2006/3/7,1275.88,5857.37,15726.02
2006/3/8,1278.47,5812.94,15627.49
2006/3/9,1272.23,5855.89,16036.91
2006/3/10,1281.58,5907.87,16115.63
2006/3/13,1284.13,5952.84,16361.51
2006/3/14,1297.48,5950.59,16238.36
2006/3/15,1303.02,5965.06,16319.04
2006/3/16,1305.33,5993.25,16096.21
2006/3/17,1307.25,5999.41,16339.73
2006/3/20,1305.08,5991.73,16624.8
2006/3/21,1297.23,5991.25,16624.8
2006/3/22,1305.04,6007.46,16495.48
2006/3/23,1301.67,5990.06,16489.37
2006/3/24,1302.95,6036.27,16560.87
2006/3/27,1301.61,5972.18,16650.1
2006/3/28,1293.23,5935.68,16690.24
2006/3/29,1302.89,5959.22,16938.41
2006/3/30,1300.25,6015.25,17045.34
2006/3/31,1294.83,5964.57,17059.66
2006/4/3,1297.81,6024.28,17333.31
2006/4/4,1305.93,6004.69,17292.91
2006/4/5,1311.56,6044.09,17243.98
2006/4/6,1309.04,6045.65,17489.33
2006/4/7,1295.5,6026.11,17563.37
2006/4/10,1296.6,6066.98,17456.58
2006/4/11,1286.57,6016.49,17418.13
2006/4/12,1288.12,6000.84,17162.55
2006/4/13,1289.12,6029.37,17199.15
2006/4/14,1289.12,6029.37,17233.82
2006/4/17,1285.33,6029.37,17000.36
2006/4/18,1307.65,6044.13,17232.86
2006/4/19,1309.93,6089.77,17350.12
2006/4/20,1311.46,6081.41,17317.53
2006/4/21,1311.28,6132.74,17403.96
2006/4/24,1308.11,6098.71,16914.4
2006/4/25,1301.74,6086.62,16970.29
2006/4/26,1305.41,6104.34,17055.93
2006/4/27,1309.72,6060.03,17114.54
2006/4/28,1310.61,6023.14,16906.23
2006/5/1,1305.19,6023.14,16925.71
2006/5/2,1313.21,6082.07,17153.77
2006/5/3,1307.85,6010.02,17394.92
2006/5/4,1312.25,6036.89,17394.92
2006/5/5,1325.76,6091.74,17394.92
2006/5/8,1324.66,6067.1,17291.67
2006/5/9,1325.14,6105.64,17190.91
2006/5/10,1322.85,6083.39,16951.93
2006/5/11,1305.92,6042.03,16862.14
2006/5/12,1291.24,5912.11,16601.78
2006/5/15,1294.5,5841.27,16486.91
2006/5/16,1292.08,5846.18,16158.42
2006/5/17,1270.32,5675.49,16307.67
2006/5/18,1261.81,5671.59,16087.18
2006/5/19,1267.03,5657.37,16155.45
2006/5/22,1262.07,5532.72,15857.87
2006/5/23,1256.58,5678.71,15599.2
2006/5/24,1258.57,5587.06,15907.2
2006/5/25,1272.88,5677.7,15693.75
2006/5/26,1280.16,5791,15970.76
2006/5/29,1280.16,5791,15915.68
2006/5/30,1259.84,5652.02,15859.45
2006/5/31,1270.09,5723.81,15467.33
2006/6/1,1285.71,5749.69,15503.74
2006/6/2,1288.22,5764.62,15789.31
2006/6/5,1265.29,5762.13,15668.31
2006/6/6,1263.85,5669.79,15384.86
2006/6/7,1256.15,5706.29,15096.01
2006/6/8,1257.93,5562.94,14633.03
2006/6/9,1252.3,5655.2,14750.84
2006/6/12,1236.4,5620.86,14833.01
2006/6/13,1223.69,5519.63,14218.6
2006/6/14,1230.04,5506.82,14309.56
2006/6/15,1256.16,5619.28,14470.76
2006/6/16,1251.54,5597.44,14879.34
2006/6/19,1240.14,5626.09,14860.35
2006/6/20,1240.12,5658.19,14648.41
2006/6/21,1252.2,5665.03,14644.26
2006/6/22,1245.6,5684.08,15135.69
2006/6/23,1244.5,5692.14,15124.04
2006/6/26,1250.56,5681.24,15152.4
2006/6/27,1239.2,5652.25,15171.81
2006/6/28,1246,5678.58,14886.11
2006/6/29,1272.87,5791.48,15121.15
2006/6/30,1270.2,5833.42,15505.18
2006/7/3,1280.19,5884.44,15571.62
2006/7/4,1280.19,5883.53,15638.5
2006/7/5,1270.91,5826.68,15523.94
2006/7/6,1274.08,5890.03,15321.4
2006/7/7,1265.48,5888.86,15307.61
2006/7/10,1267.34,5896.9,15552.81
2006/7/11,1272.52,5857.3,15473.82
2006/7/12,1258.6,5860.56,15249.32
2006/7/13,1242.29,5765.02,15097.95
2006/7/14,1236.2,5707.62,14845.24
2006/7/17,1234.49,5700.97,14845.24
2006/7/18,1236.86,5681.7,14437.24
2006/7/19,1259.81,5777.96,14500.26
2006/7/20,1249.13,5770.88,14946.84
2006/7/21,1240.29,5719.74,14821.26
2006/7/24,1260.91,5833.87,14794.5
2006/7/25,1268.88,5851.16,15005.24
2006/7/26,1268.4,5877.1,14884.07
2006/7/27,1263.2,5929.49,15179.78
2006/7/28,1278.55,5974.92,15342.87
2006/7/31,1276.66,5928.33,15456.81
2006/8/1,1270.92,5880.84,15440.91
2006/8/2,1278.55,5932.11,15464.29
2006/8/3,1280.27,5838.35,15470.37
2006/8/4,1279.36,5889.4,15499.18
2006/8/7,1275.77,5828.8,15154.06
2006/8/8,1271.48,5818.09,15464.66
2006/8/9,1265.95,5860.47,15656.59
2006/8/10,1271.81,5823.38,15630.91
2006/8/11,1266.74,5820.13,15565.02
2006/8/14,1268.21,5870.87,15857.11
2006/8/15,1285.58,5897.88,15816.19
2006/8/16,1295.43,5896.6,16071.36
2006/8/17,1297.48,5900.42,16020.84
2006/8/18,1302.3,5903.36,16105.98
2006/8/21,1297.52,5915.24,15969.04
2006/8/22,1298.82,5902.64,16181.17
2006/8/23,1292.99,5860.04,16163.03
2006/8/24,1296.06,5869.09,15960.62
2006/8/25,1295.09,5878.59,15938.66
2006/8/28,1301.78,5878.59,15762.59
2006/8/29,1304.28,5888.28,15890.56
2006/8/30,1304.27,5929.34,15872.02
2006/8/31,1303.82,5906.13,16140.76
2006/9/1,1311.01,5949.15,16134.25
2006/9/4,1311.01,5986.64,16358.07
2006/9/5,1313.25,5981.69,16385.96
2006/9/6,1300.26,5929.27,16284.09
2006/9/7,1294.02,5858.12,16012.41
2006/9/8,1298.92,5879.27,16080.46
2006/9/11,1299.54,5850.77,15794.38
2006/9/12,1313.11,5895.48,15719.34
2006/9/13,1318.07,5892.15,15750.05
2006/9/14,1316.28,5877.22,15942.39
2006/9/15,1319.87,5877.01,15866.93
2006/9/18,1321.18,5890.25,15866.93
2006/9/19,1318.31,5831.79,15874.28
2006/9/20,1325.18,5866.23,15718.67
2006/9/21,1318.03,5896.73,15834.23
2006/9/22,1314.78,5822.28,15634.67
2006/9/25,1326.37,5798.31,15633.81
2006/9/26,1336.34,5873.55,15557.45
2006/9/27,1336.59,5930.14,15947.87
2006/9/28,1339.15,5971.34,16024.85
2006/9/29,1335.85,5960.81,16127.58
2006/10/2,1331.32,5957.83,16254.29
2006/10/3,1334.11,5937.09,16242.09
2006/10/4,1350.22,5966.5,16082.55
2006/10/5,1353.22,6004.52,16449.33
2006/10/6,1349.58,6001.19,16436.06
2006/10/9,1350.66,6030.88,16436.06
2006/10/10,1353.42,6072.69,16477.25
2006/10/11,1349.95,6073.51,16400.57
2006/10/12,1362.83,6121.28,16368.81
2006/10/13,1365.62,6157.31,16536.54
2006/10/16,1369.05,6172.37,16692.76
2006/10/17,1364.05,6108.62,16611.59
2006/10/18,1365.96,6150.39,16653
2006/10/19,1366.96,6155.97,16551.36
2006/10/20,1368.6,6155.19,16651.63
2006/10/23,1377.02,6166.13,16788.82
2006/10/24,1377.38,6182.51,16780.47
2006/10/25,1382.22,6214.55,16699.3
2006/10/26,1389.08,6184.82,16811.6
2006/10/27,1377.34,6160.88,16669.07
2006/10/30,1377.93,6126.79,16351.85
2006/10/31,1377.94,6129.22,16399.39
2006/11/1,1367.81,6149.62,16375.26
2006/11/2,1367.34,6149.28,16350.02
2006/11/3,1364.3,6148.13,16350.02
2006/11/6,1379.78,6224.54,16364.76
2006/11/7,1382.84,6243.96,16393.41
2006/11/8,1385.72,6238.99,16215.74
2006/11/9,1378.33,6231.53,16198.57
2006/11/10,1380.9,6208.41,16112.43
2006/11/13,1384.42,6194.18,16022.49
2006/11/14,1393.22,6186.63,16289.55
2006/11/15,1396.57,6229.79,16243.47
2006/11/16,1399.76,6254.85,16163.87
2006/11/17,1401.2,6192.04,16091.73
2006/11/20,1400.5,6204.52,15725.94
2006/11/21,1402.81,6202.62,15734.14
2006/11/22,1406.09,6160.28,15914.23
2006/11/23,1406.09,6139.99,15914.23
2006/11/24,1400.95,6122.07,15734.6
2006/11/27,1381.9,6050.08,15885.38
2006/11/28,1386.72,6025.91,15855.26
2006/11/29,1399.48,6084.36,16076.2
2006/11/30,1400.63,6048.85,16274.33
2006/12/1,1396.71,6021.54,16321.78
2006/12/4,1409.12,6050.43,16303.59
2006/12/5,1414.76,6086.42,16265.76
2006/12/6,1412.9,6090.35,16371.28
2006/12/7,1407.29,6131.48,16473.36
2006/12/8,1409.84,6152.44,16417.82
2006/12/11,1413.04,6159.77,16527.99
2006/12/12,1411.56,6156.4,16637.78
2006/12/13,1413.21,6192.46,16692.93
2006/12/14,1425.49,6227.96,16829.2
2006/12/15,1427.09,6260.02,16914.31
2006/12/18,1422.48,6247.43,16962.11
2006/12/19,1425.55,6203.95,16776.88
2006/12/20,1423.53,6198.59,17011.04
2006/12/21,1418.3,6183.7,17047.83
2006/12/22,1410.76,6189.97,17104.96
2006/12/25,1410.76,6189.97,17092.89
2006/12/26,1416.9,6189.97,17169.19
2006/12/27,1426.84,6245.24,17223.15
2006/12/28,1424.73,6240.95,17224.81
2006/12/29,1418.3,6220.81,17225.83
2007/1/1,1418.3,6220.81,17225.83
2007/1/2,1418.3,6310.93,17225.83
2007/1/3,1416.6,6319.01,17225.83
2007/1/4,1418.34,6286.96,17353.67
2007/1/5,1409.71,6220.12,17091.59
2007/1/8,1412.84,6194.16,17091.59
2007/1/9,1412.11,6196.14,17237.77
2007/1/10,1414.85,6160.68,16942.4
2007/1/11,1423.82,6230.07,16838.17
2007/1/12,1430.73,6239.01,17057.01
2007/1/15,1430.73,6263.46,17209.92
2007/1/16,1431.9,6215.66,17202.46
2007/1/17,1430.62,6204.46,17261.35
2007/1/18,1426.37,6210.27,17370.93
2007/1/19,1430.5,6237.19,17310.44
2007/1/22,1422.95,6218.43,17424.18
2007/1/23,1427.99,6227.61,17408.57
2007/1/24,1440.13,6314.79,17507.4
2007/1/25,1423.9,6269.26,17458.3
2007/1/26,1422.18,6228.04,17421.93
2007/1/29,1420.62,6239.88,17470.46
2007/1/30,1428.82,6241.96,17490.19
2007/1/31,1438.24,6203.09,17383.42
2007/2/1,1445.94,6282.23,17519.5
2007/2/2,1448.39,6310.92,17547.11
2007/2/5,1446.99,6317.9,17344.8
2007/2/6,1448,6346.26,17406.86
2007/2/7,1450.02,6369.47,17292.32
2007/2/8,1448.31,6346.39,17292.48
2007/2/9,1438.06,6382.84,17504.33
2007/2/12,1433.37,6353.46,17504.33
2007/2/13,1444.26,6381.76,17621.45
2007/2/14,1455.3,6421.21,17752.64
2007/2/15,1456.81,6433.32,17897.23
2007/2/16,1455.54,6419.53,17875.65
2007/2/19,1455.54,6444.44,17940.09
2007/2/20,1459.68,6412.33,17939.12
2007/2/21,1457.63,6357.07,17913.21
2007/2/22,1456.38,6380.94,18108.79
2007/2/23,1451.19,6401.49,18188.42
2007/2/26,1449.37,6434.7,18215.35
2007/2/27,1399.04,6286.08,18119.92
2007/2/28,1406.82,6171.47,17604.12
2007/3/1,1403.17,6116.04,17453.51
2007/3/2,1387.17,6116.24,17217.93
2007/3/5,1374.12,6058.65,16642.25
2007/3/6,1395.41,6138.54,16844.5
2007/3/7,1391.97,6156.49,16764.62
2007/3/8,1401.89,6227.69,17090.31
2007/3/9,1402.85,6245.23,17164.04
2007/3/12,1406.6,6233.28,17292.39
2007/3/13,1377.95,6161.15,17178.84
2007/3/14,1387.17,6000.71,16676.89
2007/3/15,1392.28,6133.22,16860.39
2007/3/16,1386.95,6130.6,16744.15
2007/3/19,1402.06,6189.36,17009.55
2007/3/20,1410.94,6220.26,17163.2
2007/3/21,1435.04,6256.77,17163.2
2007/3/22,1434.54,6318.03,17419.2
2007/3/23,1436.11,6339.38,17480.61
2007/3/26,1437.5,6291.94,17521.96
2007/3/27,1428.61,6292.59,17365.05
2007/3/28,1417.23,6267.21,17254.73
2007/3/29,1422.53,6324.18,17263.94
2007/3/30,1420.86,6308.03,17287.65
2007/4/2,1424.55,6315.53,17028.41
2007/4/3,1437.77,6366.11,17244.05
2007/4/4,1439.37,6364.7,17544.09
2007/4/5,1443.76,6397.34,17491.42
2007/4/6,1443.76,6397.34,17484.78
2007/4/9,1444.61,6397.34,17743.76
2007/4/10,1448.39,6417.77,17664.69
2007/4/11,1438.87,6413.25,17670.07
2007/4/12,1447.8,6416.37,17540.42
2007/4/13,1452.85,6462.43,17363.95
2007/4/16,1468.47,6516.22,17628.3
2007/4/17,1471.48,6497.78,17527.45
2007/4/18,1472.5,6449.36,17667.33
2007/4/19,1470.73,6440.57,17371.97
2007/4/20,1484.35,6486.75,17452.62
2007/4/23,1480.93,6479.71,17455.37
2007/4/24,1480.41,6429.54,17451.77
2007/4/25,1495.42,6461.95,17236.16
2007/4/26,1494.25,6469.38,17429.17
2007/4/27,1494.07,6418.67,17400.41
2007/4/30,1482.37,6449.21,17400.41
2007/5/1,1486.3,6419.61,17274.98
2007/5/2,1495.92,6484.45,17394.92
2007/5/3,1502.39,6537.77,17394.92
2007/5/4,1505.62,6603.66,17394.92
2007/5/7,1509.48,6603.66,17669.83
2007/5/8,1507.72,6550.43,17656.84
2007/5/9,1512.58,6549.6,17748.12
2007/5/10,1491.47,6524.12,17736.96
2007/5/11,1505.85,6565.67,17553.72
2007/5/14,1503.15,6555.5,17677.94
2007/5/15,1501.19,6568.65,17512.98
2007/5/16,1514.14,6559.45,17529
2007/5/17,1512.75,6579.25,17498.6
2007/5/18,1522.75,6640.92,17399.58
2007/5/21,1525.1,6636.79,17556.87
2007/5/22,1524.12,6606.61,17680.05
2007/5/23,1522.28,6616.4,17705.12
2007/5/24,1507.51,6565.45,17696.97
2007/5/25,1515.73,6570.55,17481.21
2007/5/28,1515.73,6570.55,17587.59
2007/5/29,1518.11,6606.48,17672.56
2007/5/30,1530.23,6602.08,17588.26
2007/5/31,1530.62,6621.45,17875.75
2007/6/1,1536.34,6676.66,17958.88
2007/6/4,1539.18,6664.11,17973.42
2007/6/5,1530.95,6632.8,18053.81
2007/6/6,1517.38,6522.69,18040.93
2007/6/7,1490.72,6505.12,18053.38
2007/6/8,1507.67,6505.11,17779.09
2007/6/11,1509.12,6567.52,17834.48
2007/6/12,1493,6520.45,17760.91
2007/6/13,1515.67,6559.56,17732.77
2007/6/14,1522.97,6649.92,17842.29
2007/6/15,1532.91,6732.4,17971.49
2007/6/18,1531.05,6703.5,18149.52
2007/6/19,1533.7,6650.24,18163.61
2007/6/20,1512.84,6649.25,18211.68
2007/6/21,1522.19,6595.99,18240.3
2007/6/22,1502.56,6567.35,18188.63
2007/6/25,1497.74,6588.41,18087.48
2007/6/26,1492.89,6559.28,18066.11
2007/6/27,1506.34,6527.57,17849.28
2007/6/28,1505.71,6571.28,17932.27
2007/6/29,1503.35,6607.9,18138.36
